page,aktif,engun,baslangic,app,nis
VideoExpress.ai,52,423,2025-07-24,https://videoexpress.ai/fbdeal/,AI video generator app
Android AI Interior Design - Dec AI,10,202,2026-03-02,adjust/Android,AI interior design app
Plantaid:identifier&care guide,16,160,2026-04-13,iOS 6739803239,plant identifier app
Plant Identifier - Scan & Care,8,171,2026-04-02,Android com.tomo.ai.plant,plant identifier app
Photo Video Maker Photo Editor,4,333,2025-10-22,Android videomaker.photoeditor.slideshowmaker.videoeditor,AI video generator app
SnoozeBand,4,312,2025-11-12,https://www.snoozeband.co.uk/,sleep app sounds
HubFit,4,275,2025-12-19,hubfit.io,habit tracker app
Vids.app,6,163,2026-04-10,iOS 1634361180,AI photo editor app
Vidix AI Photo Video,5,180,2026-03-24,Android com.vidix.aivideogenerator.aiphotogenerator,AI photo editor app
Brainpal-003,5,137,2026-05-06,https://h5.nowselfcare.com/index.html,sleep app sounds
SleepWatch,2,333,2025-10-22,https://www.sleepwatchapp.com/features/,sleep app sounds
Archsynth,2,329,2025-10-26,archsynth.com,AI interior design app
Pocket FM Stories,5,127,2026-05-16,iOS 1538433480,sleep app sounds
Plant Identifier: Scan & Care,4,129,2026-05-14,Android com.tomo.ai.plant,plant identifier app
AI Home: AI Interior Design,4,121,2026-05-22,Android com.godhitech.home.ai.designer,AI interior design app
Home AI - Interior Design,1,460,2025-06-17,iOS id6464476667,AI interior design app
Balance: Meditation & Sleep,1,459,2025-06-18,iOS 1361356590,sleep app sounds
Fadr,2,226,2026-02-06,Android com.fadr.synthgptapp,sleep app sounds
SnapEdit,2,199,2026-03-05,https://snapedit.onelink.me/ProZ/420dcdi,AI photo editor app
Allison Arnold - Migraine Coach,2,183,2026-03-21,https://florusrelief.com/blogs/news/ever,sleep app sounds
Summit Credit Union,3,121,2026-05-22,https://www.summitcreditunion.com/financ,budget app track spending
Huma Meditation,1,329,2025-10-26,-,sleep app sounds
Photo Video Maker,2,158,2026-04-15,Android beauty.cam.hd.app,AI photo editor app
Readings by Mia,1,284,2025-12-10,https://readings.spiritualsociety.co/sou,manifestation app
imag-r.com,2,140,2026-05-03,https://imag-r.com/,AI photo editor app
Jumpspeak,2,130,2026-05-13,https://www.jumpspeak.com/flow-low,AI study homework app
Dollarwise,2,116,2026-05-27,https://dollarwise.com/,budget app track spending
Luigi Vera - Editor y Creativo,2,112,2026-05-31,https://www.arcads.ai/,AI photo editor app
AI Home Design - Ruma,1,209,2026-02-23,w2a.one,AI interior design app
Vidix AI Photo Video Generator,1,186,2026-03-18,Android com.vidix.aivideogenerator.aiphotogenerator,AI video generator app
Linda Thompson,1,181,2026-03-23,https://faithsprout.store/products/66-pa,sleep app sounds
Tyler Tometich,1,144,2026-04-29,https://www.viral-strategies.com/10dayvi,sleep app sounds
Stndrd,1,144,2026-04-29,iOS id1573298047,habit tracker app
Mattress Central,1,142,2026-05-01,-,sleep app sounds
Interior & Garden Design,1,141,2026-05-02,yspiradigital,AI interior design app
Logos Bible Study App,1,137,2026-05-06,https://logos.sjv.io/jR1gYP,manifestation app
The Sleep Method,1,134,2026-05-09,https://www.snoozeband.com/pages/earphon,sleep app sounds
Artspire: AI Video Generator,1,132,2026-05-11,Android com.aivideogenerator.aiphotoeditor.beautyeditor.imagetoimage,AI video generator app
Pocket FM Universe,1,127,2026-05-16,iOS 1538433480,sleep app sounds
Dropkick Copy,1,123,2026-05-20,-,sleep app sounds
Hiatus,1,121,2026-05-22,Android com.hiatus.android,budget app track spending
Mindvalley,1,115,2026-05-28,https://www.mindvalley.com/duality/sales,manifestation app
AI Video Trend,1,115,2026-05-28,https://aichatstudio.go.link/subscribe,AI video generator app
HumanPal,1,115,2026-05-28,https://www.humanpal.io/lifetime/,AI photo editor app
Tridas,1,115,2026-05-28,-,budget app track spending
Belesmé,1,115,2026-05-28,https://xeviola.com/pages/tinnito-lander,sleep app sounds
Alive.Technolgy,1,114,2026-05-29,https://photobooth.alive-pic.com/lp/ea_9,AI photo editor app
"Abby Lawson - Organizing, Decorating, Blogging",1,114,2026-05-29,https://abbyorganizes.com/products/month,budget app track spending
Emberly: AI Photo Generator,1,112,2026-05-31,Android com.aicouple.photogenerator.couplephoto,AI video generator app
AI Generate Video $ Photo,1,110,2026-06-02,Android com.chatdi.aichatbot.assistant,AI video generator app
Yourcybertips,1,110,2026-06-02,https://guard.io/n/quiz/lp_content,sleep app sounds
Denture Care Tips,1,109,2026-06-03,https://ploise.vercel.app/ilp10,sleep app sounds
Mastory.co,1,103,2026-06-09,https://mastory.short.gy/EavArs,AI study homework app
My NUMY Wellness,1,103,2026-06-09,https://mynumy.com/products/stress-reset,sleep app sounds
AIDesign Idea - AI House Design,1,103,2026-06-09,Android com.room.ai.planner.design,AI interior design app
USA Ready Families,1,102,2026-06-10,https://primitivelabsresearch.com/produc,sleep app sounds
Hatch For Baby Sleep ,1,101,2026-06-11,https://www.hatchbaby.com/learn/baby,sleep app sounds
Rodriguez Toma Ryan,1,99,2026-06-13,Android com.devsukamaju.aiphoto.photoeditor.videogeneration,AI photo editor app
"ShutEye - Sleep Tracker, Recorder",1,98,2026-06-14,iOS 1490078804,sleep app sounds
Media Scaling,1,96,2026-06-16,-,budget app track spending
Susan Bennett - The Quiet Mind Community,1,96,2026-06-16,https://purefrequencies.com/products/har,sleep app sounds
Necklo,1,95,2026-06-17,https://necklo-app.com/quiz,sleep app sounds
Histrips,1,93,2026-06-19,https://histrips.com/products/onyx-sleep,sleep app sounds
Arindam Sen,0,265,2025-12-29,https://reliefanchor.lovable.app/,AI companion chat app
kavitatarot,0,293,2025-12-01,https://linktr.ee/Kavitathakkar,manifestation app
My Trail Walk,0,121,2026-05-22,https://affirmationcounter.com/blog/50-a,manifestation app
The Healing Mind App,0,193,2026-03-11,iOS 1632086744,manifestation app
